<?xml version="1.0" encoding="utf-8"?>
<extension version="2.5" type="plugin" group="editors-xtd" method="upgrade">
    <name>PLG_SIGE_BUTTON</name>
    <version>2.5-2</version>
    <creationDate>2013-10-12</creationDate>
    <license>http://www.gnu.org/licenses/gpl-3.0</license>
    <copyright>Copyright 2013 Viktor Vogel. All rights reserved.</copyright>
    <author>Viktor Vogel</author>
    <authorEmail>admin@kubik-rubik.de</authorEmail>
    <authorUrl>http://joomla-extensions.kubik-rubik.de/</authorUrl>
    <description>PLG_SIGE_BUTTON_XML_DESCRIPTION</description>
    <files>
        <filename plugin="sige_button">sige_button.php</filename>
        <filename plugin="sige_button">sige_button.html.php</filename>
        <filename plugin="sige_button">sige_button/css/sige_button.css</filename>
        <filename plugin="sige_button">sige_button/css/sige_button.css.php</filename>
        <filename plugin="sige_button">sige_button/css/index.html</filename>
        <filename plugin="sige_button">sige_button/images/index.html</filename>
        <filename plugin="sige_button">sige_button/images/j_button1_sige_button.png</filename>
        <filename plugin="sige_button">sige_button/images/sige_button_tooltip.png</filename>
        <filename plugin="sige_button">sige_button/index.html</filename>
        <folder plugin="sige_button">fields</folder>
    </files>
    <languages>
        <language tag="en-GB">language/en-GB/en-GB.plg_editors-xtd_sige_button.ini</language>
        <language tag="en-GB">language/en-GB/en-GB.plg_editors-xtd_sige_button.sys.ini</language>
        <language tag="de-DE">language/de-DE/de-DE.plg_editors-xtd_sige_button.ini</language>
        <language tag="de-DE">language/de-DE/de-DE.plg_editors-xtd_sige_button.sys.ini</language>
    </languages>
    <config>
        <fields name="params" addfieldpath="/plugins/editors-xtd/sige_button/fields">
            <fieldset name="basic">
                <field type="krdonationcodecheck" />
                <field type="krversioncheck" name="krversioncheck" default="sigebutton|2.5-2" />
                <field name="method" type="list" default="0" label="PLG_SIGE_BUTTON_METHOD" description="PLG_SIGE_BUTTON_METHODDESC">
                    <option value="1">PLG_SIGE_BUTTON_PLUGINSETTINGS</option>
                    <option value="0">PLG_SIGE_BUTTON_ONTHEFLY</option>
                </field>
                <field name="folder_input" type="list" default="0" label="PLG_SIGE_BUTTON_FOLDERINPUT" description="PLG_SIGE_BUTTON_FOLDERINPUTDESC">
                    <option value="1">PLG_SIGE_BUTTON_MANUALLY</option>
                    <option value="0">PLG_SIGE_BUTTON_READIN</option>
                </field>
                <field name="read_in_folder" type="text" default="images" label="PLG_SIGE_BUTTON_READINFOLDER" description="PLG_SIGE_BUTTON_READINFOLDERDESC" />
                <field name="token" type="text" default="" label="PLG_SIGE_BUTTON_TOKEN" description="PLG_SIGE_BUTTON_TOKENDESC" />
                <field type="krtitle" name="spacer_size" label="PLG_SIGE_BUTTON_SPACER_SIZE" />
                <field name="width" type="text" default="" label="PLG_SIGE_BUTTON_WIDTHTHUMBS" description="PLG_SIGE_BUTTON_WIDTHTHUMBSDESC" />
                <field name="height" type="text" default="" label="PLG_SIGE_BUTTON_HEIGHTTHUMBS" description="PLG_SIGE_BUTTON_HEIGHTTHUMBSDESC" />
                <field name="gap_v" type="text" default="" label="PLG_SIGE_BUTTON_GAPV" description="PLG_SIGE_BUTTON_GAPVDESC" />
                <field name="gap_h" type="text" default="" label="PLG_SIGE_BUTTON_GAPH" description="PLG_SIGE_BUTTON_GAPHDESC" />
                <field name="quality" type="text" default="" label="PLG_SIGE_BUTTON_QUALITYJPG" description="PLG_SIGE_BUTTON_QUALITYJPGDESC" />
                <field name="quality_png" type="text" default="" label="PLG_SIGE_BUTTON_QUALITYPNG" description="PLG_SIGE_BUTTON_QUALITYPNGDESC" />
                <field name="resize_images" type="list" default="0" label="PLG_SIGE_BUTTON_RESIZE_IMAGES" description="PLG_SIGE_BUTTON_RESIZE_IMAGESDESC">
                    <option value="1">PLG_SIGE_BUTTON_JYES</option>
                    <option value="2">PLG_SIGE_BUTTON_JNO</option>
                    <option value="0">PLG_SIGE_BUTTON_DONTUSE</option>
                </field>
                <field name="width_image" type="text" default="" label="PLG_SIGE_BUTTON_WIDTH_IMAGE" description="PLG_SIGE_BUTTON_WIDTH_IMAGEDESC" />
                <field name="height_image" type="text" default="" label="PLG_SIGE_BUTTON_HEIGHT_IMAGE" description="PLG_SIGE_BUTTON_HEIGHT_IMAGEDESC" />
                <field name="ratio_image" type="list" default="0" label="PLG_SIGE_BUTTON_RATIO_IMAGE" description="PLG_SIGE_BUTTON_RATIO_IMAGEDESC">
                    <option value="1">PLG_SIGE_BUTTON_JYES</option>
                    <option value="2">PLG_SIGE_BUTTON_JNO</option>
                    <option value="0">PLG_SIGE_BUTTON_DONTUSE</option>
                </field>
                <field name="images_new" type="list" default="0" label="PLG_SIGE_BUTTON_IMAGES_NEW" description="PLG_SIGE_BUTTON_IMAGES_NEWDESC">
                    <option value="1">PLG_SIGE_BUTTON_JYES</option>
                    <option value="2">PLG_SIGE_BUTTON_JNO</option>
                    <option value="0">PLG_SIGE_BUTTON_DONTUSE</option>
                </field>
                <field type="krtitle" name="spacer_gallery" label="PLG_SIGE_BUTTON_SPACER_GALLERY" />
                <field name="turbo" type="list" default="0" label="PLG_SIGE_BUTTON_TURBO" description="PLG_SIGE_BUTTON_TURBODESC">
                    <option value="1">PLG_SIGE_BUTTON_JYES</option>
                    <option value="2">PLG_SIGE_BUTTON_JNO</option>
                    <option value="3">PLG_SIGE_BUTTON_NEW</option>
                    <option value="0">PLG_SIGE_BUTTON_DONTUSE</option>
                </field>
                <field name="root" type="list" default="0" label="PLG_SIGE_BUTTON_ROOT" description="PLG_SIGE_BUTTON_ROOTDESC">
                    <option value="1">PLG_SIGE_BUTTON_JYES</option>
                    <option value="2">PLG_SIGE_BUTTON_JNO</option>
                    <option value="0">PLG_SIGE_BUTTON_DONTUSE</option>
                </field>
                <field name="sort" type="list" default="0" label="PLG_SIGE_BUTTON_SORT" description="PLG_SIGE_BUTTON_SORTDESC">
                    <option value="1">PLG_SIGE_BUTTON_JYES</option>
                    <option value="2">PLG_SIGE_BUTTON_NOASC</option>
                    <option value="3">PLG_SIGE_BUTTON_NODESC</option>
                    <option value="4">PLG_SIGE_BUTTON_TIMEASC</option>
                    <option value="5">PLG_SIGE_BUTTON_TIMEDESC</option>
                    <option value="6">PLG_SIGE_BUTTON_SORTFROMFILE</option>
                    <option value="0">PLG_SIGE_BUTTON_DONTUSE</option>
                </field>
                <field name="column_quantity" type="text" default="" label="PLG_SIGE_BUTTON_COLUMNQUANTITY" description="PLG_SIGE_BUTTON_COLUMNQUANTITYDESC" />
                <field name="css_image" type="list" default="0" label="PLG_SIGE_BUTTON_CSSIMAGE" description="PLG_SIGE_BUTTON_CSSIMAGEDESC">
                    <option value="1">PLG_SIGE_BUTTON_JYES</option>
                    <option value="2">PLG_SIGE_BUTTON_JNO</option>
                    <option value="0">PLG_SIGE_BUTTON_DONTUSE</option>
                </field>
                <field name="css_image_half" type="list" default="0" label="PLG_SIGE_BUTTON_CSSIMAGEHALF" description="PLG_SIGE_BUTTON_CSSIMAGEHALFDESC">
                    <option value="1">PLG_SIGE_BUTTON_JYES</option>
                    <option value="2">PLG_SIGE_BUTTON_JNO</option>
                    <option value="0">PLG_SIGE_BUTTON_DONTUSE</option>
                </field>
                <field name="fileinfo" type="list" default="0" label="PLG_SIGE_BUTTON_FILEINFO" description="PLG_SIGE_BUTTON_FILEINFODESC">
                    <option value="1">PLG_SIGE_BUTTON_JYES</option>
                    <option value="2">PLG_SIGE_BUTTON_JNO</option>
                    <option value="0">PLG_SIGE_BUTTON_DONTUSE</option>
                </field>
                <field name="caption" type="list" default="0" label="PLG_SIGE_BUTTON_CAPTION" description="PLG_SIGE_BUTTON_CAPTIONDESC">
                    <option value="1">PLG_SIGE_BUTTON_JYES</option>
                    <option value="2">PLG_SIGE_BUTTON_JNO</option>
                    <option value="0">PLG_SIGE_BUTTON_DONTUSE</option>
                </field>
                <field name="noslim" type="list" default="0" label="PLG_SIGE_BUTTON_NOSLIM" description="PLG_SIGE_BUTTON_NOSLIMDESC">
                    <option value="1">PLG_SIGE_BUTTON_JYES</option>
                    <option value="2">PLG_SIGE_BUTTON_JNO</option>
                    <option value="0">PLG_SIGE_BUTTON_DONTUSE</option>
                </field>
                <field name="list" type="list" default="0" label="PLG_SIGE_BUTTON_LIST" description="PLG_SIGE_BUTTON_LISTDESC">
                    <option value="1">PLG_SIGE_BUTTON_JYES</option>
                    <option value="2">PLG_SIGE_BUTTON_JNO</option>
                    <option value="0">PLG_SIGE_BUTTON_DONTUSE</option>
                </field>
                <field name="word" type="text" default="" label="PLG_SIGE_BUTTON_WORD" description="PLG_SIGE_BUTTON_WORDDESC" />
                <field name="limit" type="list" default="0" label="PLG_SIGE_BUTTON_LIMIT" description="PLG_SIGE_BUTTON_LIMITDESC">
                    <option value="1">PLG_SIGE_BUTTON_JYES</option>
                    <option value="2">PLG_SIGE_BUTTON_JNO</option>
                    <option value="0">PLG_SIGE_BUTTON_DONTUSE</option>
                </field>
                <field name="limit_quantity" type="text" default="" label="PLG_SIGE_BUTTON_LIMITQUANTITY" description="PLG_SIGE_BUTTON_LIMITQUANTITYDESC" />
                <field name="connect" type="text" default="" label="PLG_SIGE_BUTTON_CONNECT" description="PLG_SIGE_BUTTON_CONNECTDESC" />
                <field name="image_link" type="text" default="" label="PLG_SIGE_BUTTON_IMAGELINK" description="PLG_SIGE_BUTTON_IMAGELINKDESC" />
                <field name="image_link_new" type="list" default="0" label="PLG_SIGE_BUTTON_IMAGELINKNEW" description="PLG_SIGE_BUTTON_IMAGELINKNEWDESC">
                    <option value="1">PLG_SIGE_BUTTON_JYES</option>
                    <option value="2">PLG_SIGE_BUTTON_JNO</option>
                    <option value="0">PLG_SIGE_BUTTON_DONTUSE</option>
                </field>
                <field name="copyright" type="list" default="0" label="PLG_SIGE_BUTTON_COPYRIGHT" description="PLG_SIGE_BUTTON_COPYRIGHTDESC">
                    <option value="1">PLG_SIGE_BUTTON_JYES</option>
                    <option value="2">PLG_SIGE_BUTTON_JNO</option>
                    <option value="0">PLG_SIGE_BUTTON_DONTUSE</option>
                </field>
                <field type="krtitle" name="spacer_js_view" label="PLG_SIGE_BUTTON_SPACER_JS_VIEW" />
                <field name="image_info" type="list" default="0" label="PLG_SIGE_BUTTON_IMAGEINFO" description="PLG_SIGE_BUTTON_IMAGEINFODESC">
                    <option value="1">PLG_SIGE_BUTTON_JYES</option>
                    <option value="2">PLG_SIGE_BUTTON_JNO</option>
                    <option value="0">PLG_SIGE_BUTTON_DONTUSE</option>
                </field>
                <field name="iptc" type="list" default="0" label="PLG_SIGE_BUTTON_IPTC" description="PLG_SIGE_BUTTON_IPTCDESC">
                    <option value="1">PLG_SIGE_BUTTON_JYES</option>
                    <option value="2">PLG_SIGE_BUTTON_JNO</option>
                    <option value="0">PLG_SIGE_BUTTON_DONTUSE</option>
                </field>
                <field name="iptcutf8" type="list" default="0" label="PLG_SIGE_BUTTON_IPTCUTF8" description="PLG_SIGE_BUTTON_IPTCUTF8DESC">
                    <option value="1">PLG_SIGE_BUTTON_JYES</option>
                    <option value="2">PLG_SIGE_BUTTON_JNO</option>
                    <option value="0">PLG_SIGE_BUTTON_DONTUSE</option>
                </field>
                <field name="print" type="list" default="0" label="PLG_SIGE_BUTTON_PRINT" description="PLG_SIGE_BUTTON_PRINTDESC">
                    <option value="1">PLG_SIGE_BUTTON_JYES</option>
                    <option value="2">PLG_SIGE_BUTTON_JNO</option>
                    <option value="0">PLG_SIGE_BUTTON_DONTUSE</option>
                </field>
                <field name="download" type="list" default="0" label="PLG_SIGE_BUTTON_DOWNLOAD" description="PLG_SIGE_BUTTON_DOWNLOADDESC">
                    <option value="1">PLG_SIGE_BUTTON_JYES</option>
                    <option value="2">PLG_SIGE_BUTTON_JNO</option>
                    <option value="0">PLG_SIGE_BUTTON_DONTUSE</option>
                </field>
                <field name="displaynavtip" type="list" default="0" label="PLG_SIGE_BUTTON_DISPLAYNAVTIP" description="PLG_SIGE_BUTTON_DISPLAYNAVTIPDESC">
                    <option value="1">PLG_SIGE_BUTTON_JYES</option>
                    <option value="2">PLG_SIGE_BUTTON_JNO</option>
                    <option value="0">PLG_SIGE_BUTTON_DONTUSE</option>
                </field>
                <field name="displayarticle" type="list" default="0" label="PLG_SIGE_BUTTON_DISPLAYMESSAGE" description="PLG_SIGE_BUTTON_DISPLAYMESSAGEDESC">
                    <option value="1">PLG_SIGE_BUTTON_JYES</option>
                    <option value="2">PLG_SIGE_BUTTON_JNO</option>
                    <option value="0">PLG_SIGE_BUTTON_DONTUSE</option>
                </field>
                <field type="krtitle" name="spacer_thumbnail" label="PLG_SIGE_BUTTON_SPACER_THUMBNAIL" />
                <field name="thumbs" type="list" default="0" label="PLG_SIGE_BUTTON_THUMBS" description="PLG_SIGE_BUTTON_THUMBSDESC">
                    <option value="1">PLG_SIGE_BUTTON_JYES</option>
                    <option value="2">PLG_SIGE_BUTTON_JNO</option>
                    <option value="0">PLG_SIGE_BUTTON_DONTUSE</option>
                </field>
                <field name="thumbdetail" type="list" default="0" label="PLG_SIGE_BUTTON_THUMBNAILDETAIL" description="PLG_SIGE_BUTTON_THUMBNAILDETAILDESC">
                    <option value="1">1:1</option>
                    <option value="2">PLG_SIGE_BUTTON_TOPLEFT</option>
                    <option value="3">PLG_SIGE_BUTTON_TOPRIGHT</option>
                    <option value="4">PLG_SIGE_BUTTON_BOTTOMLEFT</option>
                    <option value="5">PLG_SIGE_BUTTON_BOTTOMRIGHT</option>
                    <option value="0">PLG_SIGE_BUTTON_DONTUSE</option>
                </field>
                <field name="calcmaxthumbsize" type="list" default="0" label="PLG_SIGE_BUTTON_CALCMAXTHUMBSIZE" description="PLG_SIGE_BUTTON_CALCMAXTHUMBSIZEDESC">
                    <option value="1">PLG_SIGE_BUTTON_JYES</option>
                    <option value="2">PLG_SIGE_BUTTON_JNO</option>
                    <option value="0">PLG_SIGE_BUTTON_DONTUSE</option>
                </field>
                <field name="ratio" type="list" default="0" label="PLG_SIGE_BUTTON_RATIO" description="PLG_SIGE_BUTTON_RATIODESC">
                    <option value="1">PLG_SIGE_BUTTON_JYES</option>
                    <option value="2">PLG_SIGE_BUTTON_JNO</option>
                    <option value="0">PLG_SIGE_BUTTON_DONTUSE</option>
                </field>
                <field name="crop" type="list" default="0" label="PLG_SIGE_BUTTON_CROP" description="PLG_SIGE_BUTTON_CROPDESC">
                    <option value="1">PLG_SIGE_BUTTON_JYES</option>
                    <option value="2">PLG_SIGE_BUTTON_JNO</option>
                    <option value="0">PLG_SIGE_BUTTON_DONTUSE</option>
                </field>
                <field name="crop_factor" type="text" default="" label="PLG_SIGE_BUTTON_CROPFACTOR" description="PLG_SIGE_BUTTON_CROPFACTORDESC" />
                <field name="watermark" type="list" default="0" label="PLG_SIGE_BUTTON_WATERMARK" description="PLG_SIGE_BUTTON_WATERMARKDESC">
                    <option value="1">PLG_SIGE_BUTTON_JYES</option>
                    <option value="2">PLG_SIGE_BUTTON_JNO</option>
                    <option value="0">PLG_SIGE_BUTTON_DONTUSE</option>
                </field>
                <field name="watermarkposition" type="list" default="0" label="PLG_SIGE_BUTTON_WATERMARKPOSITION" description="PLG_SIGE_BUTTON_WATERMARKPOSITIONDESC">
                    <option value="1">PLG_SIGE_BUTTON_CENTER</option>
                    <option value="2">PLG_SIGE_BUTTON_TOPLEFT</option>
                    <option value="3">PLG_SIGE_BUTTON_TOPRIGHT</option>
                    <option value="4">PLG_SIGE_BUTTON_BOTTOMLEFT</option>
                    <option value="5">PLG_SIGE_BUTTON_BOTTOMRIGHT</option>
                    <option value="0">PLG_SIGE_BUTTON_DONTUSE</option>
                </field>
                <field name="watermarkimage" type="text" default="" label="PLG_SIGE_BUTTON_WATERMARKIMAGE" description="PLG_SIGE_BUTTON_WATERMARKIMAGEDESC" />
                <field name="encrypt" type="list" default="0" label="PLG_SIGE_BUTTON_ENCRYPT" description="PLG_SIGE_BUTTON_ENCRYPTDESC">
                    <option value="1">ROT13</option>
                    <option value="2">MD5</option>
                    <option value="3">SHA1</option>
                    <option value="0">PLG_SIGE_BUTTON_DONTUSE</option>
                </field>
                <field type="krtitle" name="spacer_single_name" label="PLG_SIGE_BUTTON_SPACER_SINGLE_IMAGE" />
                <field name="single" type="text" default="" label="PLG_SIGE_BUTTON_SINGLE" description="PLG_SIGE_BUTTON_SINGLEDESC" />
                <field name="scaption" type="text" default="" label="PLG_SIGE_BUTTON_SCAPTION" description="PLG_SIGE_BUTTON_SCAPTIONDESC" />
                <field name="single_gallery" type="list" default="0" label="PLG_SIGE_BUTTON_SINGLEGALLERY" description="PLG_SIGE_BUTTON_SINGLEGALLERYDESC">
                    <option value="1">PLG_SIGE_BUTTON_JYES</option>
                    <option value="2">PLG_SIGE_BUTTON_JNO</option>
                    <option value="0">PLG_SIGE_BUTTON_DONTUSE</option>
                </field>
                <field name="salign" type="list" default="0" label="PLG_SIGE_BUTTON_SALIGN" description="PLG_SIGE_BUTTON_SALIGNDESC">
                    <option value="1">PLG_SIGE_BUTTON_LEFT</option>
                    <option value="2">PLG_SIGE_BUTTON_RIGHT</option>
                    <option value="3">PLG_SIGE_BUTTON_CENTER</option>
                    <option value="0">PLG_SIGE_BUTTON_DONTUSE</option>
                </field>
            </fieldset>
            <fieldset name="donation">
                <field name="donation_code" type="text" default="" size="40" label="KR_DONATION_CODE" description="KR_DONATION_CODEDESC" />
            </fieldset>
            <fieldset name="versioncheck">
                <field name="versioncheck_enable" type="list" default="1" label="KR_VERSION_CHECK" description="KR_VERSION_CHECKDESC">
                    <option value="1">KR_VERSION_CHECK_ONCESESSION</option>
                    <option value="2">KR_VERSION_CHECK_ONEVERYLOAD</option>
                    <option value="0">JNO</option>
                </field>
            </fieldset>
        </fields>
    </config>
</extension>